client_code,product,push_notification
1,Кредитная карта,"Айгерим, вы в августе потратили 232 520 ₸ на такси. Представьте, сколько кешбэка вы могли бы получить с кредитной картой! Это до 20 700 ₸ в месяц. Узнайте, как выгодно использовать свои траты. Оформить карту."
2,Премиальная карта,"Данияр, вы как премиальный клиент можете получать до 27 200 ₸ выгоды каждый месяц. Ваша Премиальная карта предлагает особые условия и привилегии, которые стоит изучить. Посмотреть."
3,Кредитная карта,"Сабина, вы часто пользуетесь такси в Алматы. За август потратили 198 999 ₸. С кредитной картой вы могли бы получать до 12 900 ₸ выгоды каждый месяц, возвращая часть этих трат. Узнайте, как это работает. Оформить карту."
4,Кредитная карта,"Тимур, вы часто пользуетесь такси, совершив 51 поездку на 247 443 ₸. Представьте, сколько бонусов можно получить, если оплачивать их кредитной картой! Это отличный способ экономить. Оформить карту."
5,Премиальная карта,"Камилла, вы активно пользуетесь такси! В августе вы совершили 52 поездки на 285 348 ₸. Ваша Премиальная карта уже принесла вам 26 200 ₸ выгоды. Узнайте, как увеличить эту сумму. Посмотреть."
6,Кредитная карта,"Аян, в августе вы могли бы сэкономить до 20 700 ₸ на привычных покупках, таких как продукты, кафе и такси. Узнайте, как кредитная карта поможет вам получать больше выгоды каждый месяц. Посмотреть."
7,Депозит Мультивалютный (KZT/USD/RUB/EUR),"Руслан, вы как Премиальный клиент можете получать до 43 900 ₸ выгоды в месяц. Рассмотрите возможность открыть Депозит Мультивалютный, чтобы ваши сбережения работали эффективнее. Открыть вклад."
8,Премиальная карта,"Мадина, как зарплатный клиент, вы можете получить до 35 700 ₸ выгоды в августе. Премиальная карта открывает доступ к особым привилегиям и повышенному кешбэку. Узнайте больше о возможностях для вас. Оформить карту."
9,Депозит Мультивалютный (KZT/USD/RUB/EUR),"Арман, как премиальный клиент, вы можете выгодно разместить средства. Откройте Мультивалютный депозит в любой удобной для вас валюте и получите до 33 500 ₸ дополнительной выгоды в августе. Открыть вклад."
10,Премиальная карта,"Карина, вы в августе потратили 198 936 ₸ на 41 поездку в такси. С премиальной картой вы могли бы получать до 33 700 ₸ выгоды каждый месяц. Подумайте, как выгодно это для вас! Оформить карту."
11,Депозит Мультивалютный (KZT/USD/RUB/EUR),"Бауржан, в августе вы активно тратили на Продукты питания и Кафе. Представьте, что могли бы получать до 35 100 ₸ выгоды каждый месяц! Узнайте, как это возможно для вас. Посмотреть."
12,Кредитная карта,"Жанар, вы часто пользуетесь такси, совершив 48 поездок на 267 975 ₸. С кредитной картой вы могли бы получать до 20 700 ₸ выгоды каждый месяц. Это отличная возможность экономить на привычных тратах. Оформить карту."
13,Кредитная карта,"Алина, вы совершили 37 поездок на такси в августе, потратив 114 316 ₸. С кредитной картой можно получать кешбэк и экономить! Ваша выгода может составить до 12 900 ₸ в месяц. Оформить карту."
14,Кредитная карта,"Диас, вы часто пользуетесь такси. За август потратили 168 117 ₸ на 36 поездок. С кредитной картой можно получать бонусы за такие траты и экономить. Это удобно для ваших ежедневных поездок по Астане. Оформить карту."
15,Кредитная карта,"Нурия, вы можете получать до 20 700 ₸ в месяц, если оформите кредитную карту. Это отличный способ управлять расходами и получать бонусы за покупки в любимых категориях, например, «Продукты питания». Оформить карту."
16,Кредитная карта,"Ерасыл, вы можете получать до 12 900 ₸ в месяц кешбэком за покупки в категориях «Продукты питания» и «Кафе и рестораны». Это отличная возможность экономить, не меняя привычек. Оформить карту."
17,Кредитная карта,"Жанель, вы совершили 41 поездку на такси на 183 400 ₸ в августе. С кредитной картой вы могли бы получать кэшбэк за эти траты. Узнайте, как это работает Вернётся ≈ 20 700 ₸ ежемесячно. Оформить карту."
18,Кредитная карта,"Санжар, вы активно ездите на такси, потратив 174 622 ₸ за 35 поездок. С кредитной картой вы могли бы получать до 20 700 ₸ выгоды каждый месяц. Подумайте, это выгодно! Оформить карту."
19,Кредитная карта,"Азамат, вы в августе совершили 46 поездок на такси, потратив 224 599 ₸. Представьте, что с кредитной картой вы могли бы получать до 20 700 ₸ выгоды каждый месяц! Это отличная возможность для вас. Оформить карту."
20,Кредитная карта,"Анель, вы активно пользуетесь такси. В августе на поездки ушло 270 102 ₸. Представьте, как выгодно получать кешбэк за каждую поездку! Это может приносить вам до 20 700 ₸ ежемесячно. Оформить карту."
21,Премиальная карта,"Павел, в августе вы потратили 248 406 ₸ на такси. С Премиальной картой вы можете получать до 22 800 ₸ выгоды каждый месяц. Узнайте, как вы можете использовать её возможности по максимуму. Посмотреть."
22,Кредитная карта,"Аружан, как зарплатному клиенту, вам доступна кредитная карта с особыми условиями. Представьте, в августе вы могли бы вернуть до 20 700 ₸ кешбэка за привычные покупки. Это удобно и выгодно! Оформить карту."
23,Кредитная карта,"Темирлан, вы часто пользуетесь такси, совершив 55 поездок на 265 463 ₸. С кредитной картой вы могли бы получать кешбэк до 20 700 ₸ в августе. Это отличная возможность экономить! Оформить карту."
24,Кредитная карта,"Гульмира, вы в августе потратили 259 776 ₸ на такси, совершив 45 поездок. Представьте, сколько кешбэка вы могли бы получить! Кредитная карта поможет вам экономить на привычных расходах. Оформить карту."
25,Кредитная карта,"Как зарплатный клиент, вы можете оформить кредитную карту и получать до 20 700 ₸ кэшбэка. Тратьте на «Продукты питания», «Кафе и рестораны» и «Такси» в августе и экономьте. Узнайте о преимуществах! ✨. Оформить карту."
26,Кредитная карта,"Маржан, вы активно пользуетесь такси в Астане. За прошлый месяц вы потратили 306 369 ₸ на 60 поездок. С кредитной картой вы могли бы получать до 20 700 ₸ выгоды ежемесячно. Это выгодно для вас! Оформить карту."
27,Кредитная карта,"Нурсултан, вы зарплатный клиент. В августе вы потратили 282 137 ₸ на такси. С кредитной картой вы могли бы получать до 20 700 ₸ кешбэка ежемесячно за поездки и другие покупки. Оформить карту."
28,Кредитная карта,"Алтынай, вы активно пользуетесь такси, совершив 55 поездок на 264 129 ₸. С кредитной картой вы могли бы получать до 20 700 ₸ выгоды каждый месяц. Это отличная возможность экономить. Оформить карту."
29,Кредитная карта,"Сая, вы часто пользуетесь такси, потратив 318 594 ₸ в августе. С кредитной картой вы могли бы получать кешбэк за эти поездки и экономить до 20 700 ₸ каждый месяц. Это выгодно. Оформить карту."
30,Кредитная карта,"Ербол, вы могли бы получить до 20 700 ₸ выгоды в августе, если бы пользовались кредитной картой. Это отличный способ экономить на покупках в категориях «Продукты питания», «Кафе и рестораны» и «Такси». Оформить карту."
31,Премиальная карта,"Дамир, вы активно пользуетесь такси, совершив 55 поездок на 294 796 ₸ в августе. С Премиальной картой вы могли бы получать до 25 500 ₸ кешбэка ежемесячно. Узнайте, как это работает. Посмотреть."
32,Премиальная карта,"Алия, вы как Премиальный клиент можете получать до 30 800 ₸ выгоды каждый месяц. В августе вы много тратили на такси и продукты. Узнайте, как использовать Премиальную карту по максимуму. Посмотреть."
33,Кредитная карта,"Мерей, вы часто ездите на такси. В августе вы потратили 237 022 ₸ на поездки. Представьте, вы могли бы получать до 20 700 ₸ кешбэка каждый месяц с кредитной картой. Выгодно для вас! Оформить карту."
34,Кредитная карта,"Инкар, вы в августе потратили 269 902 ₸ на такси. С кредитной картой можно получать до 20 700 ₸ кешбэка каждый месяц. Это отличный способ экономить на ваших привычных поездках. Оформить карту."
35,Премиальная карта,"Самат, вы в августе совершили 53 поездки на такси, потратив 307 225 ₸. С премиальной картой вы могли бы получать до 30 000 ₸ выгоды каждый месяц. Это отличный способ экономить. Оформить карту."
36,Кредитная карта,"Назым, как зарплатный клиент, вы можете получать до 20 700 ₸ выгоды каждый месяц с кредитной картой. Это отличная возможность для вас экономить на ежедневных покупках. Узнайте больше о всех преимуществах. Оформить карту."
37,Кредитная карта,"Гульнар, вы в августе совершили 49 поездок на такси в Алматы, потратив 233 716 ₸. С кредитной картой вы могли бы экономить до 20 700 ₸ ежемесячно на этих тратах. Это выгодно для вас! Оформить карту."
38,Депозит Накопительный,"Серик, как Премиальный клиент, вы могли бы получить до 67 600 ₸ выгоды в августе. Это отличная сумма, чтобы порадовать себя или близких. Узнайте, как максимизировать свои преимущества. Посмотреть."
39,Премиальная карта,"Ляззат, вы зарплатный клиент. С Премиальной картой выгода в августе могла бы составить до 24 400 ₸ за покупки в Продуктах, Кафе и Такси. Узнайте, как получить больше преимуществ. Посмотреть."
40,Кредитная карта,"Асхат, вы часто ездите на такси в Павлодаре. В августе вы потратили 304 917 ₸. С кредитной картой вы могли бы получать до 20 700 ₸ выгоды каждый месяц. Это отличная возможность для вас. Оформить карту."
41,Премиальная карта,"Сандугаш, в августе вы совершили 51 поездку на такси на сумму 249 255 ₸. С премиальной картой вы могли бы экономить до 25 500 ₸ каждый месяц на таких расходах. Это выгодно! Оформить карту."
42,Депозит Накопительный,"Рустем, вы уже сэкономили 34 300 ₸ в августе. Представьте, как эта сумма вырастет, если вы откроете Депозит Накопительный. Ваши сбережения будут работать на вас, принося стабильный доход. Открыть вклад."
43,Кредитная карта,"Нуртас, вы часто пользуетесь такси. В августе вы потратили 217 372 ₸ на 46 поездок. С кредитной картой вы могли бы получать до 20 700 ₸ выгоды каждый месяц. Узнайте, как это работает. Оформить карту."
44,Кредитная карта,"Айнагуль, вы активно пользуетесь такси в Алматы. С кредитной картой вы могли бы получать до 20 700 ₸ выгоды каждый месяц на свои поездки и другие покупки. Узнайте о возможностях. Посмотреть."
45,Премиальная карта,"Диана, как зарплатный клиент, вы можете получать до 35 600 ₸ в месяц с Премиальной картой. Возвращайте часть трат на ремонт дома, ювелирные украшения и кафе. Узнайте, как это работает. Оформить карту."
46,Кредитная карта,"Арсен, вы активно пользуетесь такси в Кызылорде. В августе вы потратили 229 781 ₸ на 48 поездок. С кредитной картой вы могли бы получать до 20 700 ₸ выгоды каждый месяц. Это отличная возможность для вас. Оформить карту."
47,Кредитная карта,"Камшат, вы зарплатный клиент, а значит, можете получить кредитную карту с особыми условиями. Она поможет вам экономить до 20 700 ₸ в месяц на кешбэке. Это удобный финансовый инструмент для ваших покупок. Оформить карту."
48,Кредитная карта,"Ержан, вы много ездите на такси. В августе вы потратили 271 231 ₸ на 53 поездки. Оформите кредитную карту и получайте до 20 700 ₸ выгоды каждый месяц. Это просто! Вернётся ≈ 20 700 ₸ ежемесячно. Оформить карту."
49,Премиальная карта,"Амина, в августе вы потратили 255 498 ₸ на 52 поездки такси в Алматы. С премиальной картой вы можете получать до 26 600 ₸ выгоды ежемесячно. Узнайте, как это работает для вас! Оформить карту."
50,Депозит Накопительный,"Тимурлан, вы — премиальный клиент, и это открывает для вас особые возможности. В августе вы могли бы получить до 41 500 ₸ выгоды. Хотите узнать, как использовать все преимущества вашего статуса? Посмотреть."
51,Премиальная карта,"Жанат, вы часто пользуетесь такси, совершив 47 поездок на 242 551 ₸ в августе. С премиальной картой вы могли бы получать до 23 500 ₸ выгоды каждый месяц. Узнайте, как это работает. Посмотреть."
52,Депозит Накопительный,"Милана, вы — Премиальный клиент. Откройте Депозит Накопительный и получайте до 39 700 ₸ в месяц. Это простой способ приумножить ваши сбережения. Узнайте больше о выгодных условиях. Открыть вклад."
53,Премиальная карта,"Расул, вы активно пользуетесь такси, потратив 315 007 ₸ в августе. Премиальная карта поможет вам получать до 23 600 ₸ выгоды каждый месяц. Узнайте, как начать экономить на поездках! Оформить карту."
54,Депозит Накопительный,"Виктория, вы — Премиальный клиент! В августе выгодно тратить на «Кафе и рестораны», «Продукты питания» и «Отели». Получите до 47 500 ₸ выгоды. Узнайте, как максимизировать ваши преимущества. Посмотреть."
55,Депозит Накопительный,"Асель, вы можете приумножить свои сбережения с Депозитом Накопительный. Как премиальный клиент, вы получаете особые условия и до 40 700 ₸ дополнительной выгоды ежемесячно. Откройте его сегодня! Открыть вклад."
56,Кредитная карта,"Нуркен, вы можете получать до 20 700 ₸ кешбэка каждый месяц! Например, в августе за покупки в «Продуктах питания» и «Кафе и ресторанах». Узнайте, как вы можете увеличить свою выгоду. Посмотреть."
57,Депозит Накопительный,"Жания, как премиальный клиент, вы можете получать до 32 100 ₸ в месяц, просто открыв Депозит Накопительный. Приумножьте ваши сбережения без лишних усилий Вернётся ≈ 32 100 ₸ ежемесячно. Открыть вклад."
58,Кредитная карта,"Султан, вы часто пользуетесь такси в Караганде. В августе вы совершили 42 поездки на 214 580 ₸. С кредитной картой вы могли бы получать до 20 700 ₸ выгоды в месяц за такие привычные траты. Оформить карту."
59,Депозит Накопительный,"Динара, вы — Премиальный клиент! В августе вы могли бы получить до 51 500 ₸ выгоды. Ваши средства могут работать эффективнее. Предлагаем рассмотреть Депозит Накопительный, чтобы увеличить ваш доход. Открыть вклад."
60,Кредитная карта,"Ермек, вы часто пользуетесь такси. В августе вы потратили 256 746 ₸ на 49 поездок. С кредитной картой вы могли бы экономить до 20 700 ₸ в месяц на таких тратах Вернётся ≈ 20 700 ₸ ежемесячно. Оформить карту."
